{
    "version": "0.2.0",
    "configurations": [        
        {
            "name": "(lldb) 启动",
            "type": "lldb",
            "request": "launch",
            "program": "${command:cmake.launchTargetPath}",
            
            "cwd": "${workspaceFolder}",
            "stopAtEntry": false,// break immediately when the program launches
            "environment": [
                {
                    // add the directory where our target was built to the PATHs
                    // it gets resolved by CMake Tools:
                    "name": "PATH",
                    "value": "${env:PATH}:${command:cmake.getLaunchTargetDirectory}"
                }
            ],
            "env": {
                "DYLD_PRINT_LIBRARIES": "1" // 启用 DYLD_PRINT_LIBRARIES 环境变量
            },
            "targetArchitecture": "arm64",
            "terminal": "integrated",
            //"symbolSearchPath": "/Users/ws/Qt/5.15.2/clang_64/lib", //for windows
            "additionalSOLibSearchPath": "/Users/ws/Qt/5.15.2/clang_64/lib", //for mac
            "logging": {
                "trace": true,
                "traceResponse": true,
                "engineLogging": true,
                "programOutput": true,
                "exceptions": true
            }
        }
    ]
}